Headline,Risk,Sector,Link,Timestamp
⚠️ Emerging Trend: ADVERSE WEATHER,45,Uncategorized,https://www.google.com/search?q=adverse+weather+Sri+Lanka+News,2025-12-01 01:00:56
⚠️ Emerging Trend: HIGHER EDUCATION,15,Uncategorized,https://www.google.com/search?q=higher+education+Sri+Lanka+News,2025-12-01 00:49:05
⚠️ Emerging Trend: DITWAH DISASTER,120,Uncategorized,https://www.google.com/search?q=ditwah+disaster+Sri+Lanka+News,2025-11-30 21:58:06
⚠️ Emerging Trend: UNDER WATER,75,Uncategorized,https://www.google.com/search?q=under+water+Sri+Lanka+News,2025-11-30 18:46:07
⚠️ Emerging Trend: 1 MILLION,210,Uncategorized,https://www.google.com/search?q=1+million+Sri+Lanka+News,2025-11-30 18:14:21
⚠️ Emerging Trend: SUN SHINES,180,Uncategorized,https://www.google.com/search?q=sun+shines+Sri+Lanka+News,2025-11-30 17:31:09
⚠️ Emerging Trend: SEEK COOPERATION,225,Uncategorized,https://www.google.com/search?q=seek+cooperation+Sri+Lanka+News,2025-11-30 17:16:20
⚠️ Emerging Trend: SAGAR BANDHU,135,Uncategorized,https://www.google.com/search?q=sagar+bandhu+Sri+Lanka+News,2025-11-30 14:48:28
⚠️ Emerging Trend: MALABE ATHURUGIRIYA,225,Uncategorized,https://www.google.com/search?q=malabe+athurugiriya+Sri+Lanka+News,2025-11-30 13:17:40
⚠️ Emerging Trend: ASSESSMENT TEAM,285,Uncategorized,https://www.google.com/search?q=assessment+team+Sri+Lanka+News,2025-11-30 12:46:21
⚠️ Emerging Trend: CHANGE FEES,270,Uncategorized,https://www.google.com/search?q=change+fees+Sri+Lanka+News,2025-11-30 12:30:52
⚠️ Emerging Trend: TEST SINCE,45,Uncategorized,https://www.google.com/search?q=test+since+Sri+Lanka+News,2025-11-30 07:33:01
⚠️ Emerging Trend: DISASTER 203,60,Uncategorized,https://www.google.com/search?q=disaster+203+Sri+Lanka+News,2025-11-30 02:00:49
⚠️ Emerging Trend: 203 MISSING,60,Uncategorized,https://www.google.com/search?q=203+missing+Sri+Lanka+News,2025-11-30 01:55:57
⚠️ Emerging Trend: BUSINESS STANDARD,60,Uncategorized,https://www.google.com/search?q=business+standard+Sri+Lanka+News,2025-11-29 19:30:57
⚠️ Emerging Trend: DITWAH KILLS,15,Uncategorized,https://www.google.com/search?q=ditwah+kills+Sri+Lanka+News,2025-11-29 19:18:41
⚠️ Emerging Trend: 123 DEAD,30,Uncategorized,https://www.google.com/search?q=123+dead+Sri+Lanka+News,2025-11-29 18:45:52
⚠️ Emerging Trend: 130 MISSING,45,Uncategorized,https://www.google.com/search?q=130+missing+Sri+Lanka+News,2025-11-29 17:33:06
Is Sri Lanka Safe for Tourists After Cyclone Ditwah? What the Storm’s Devastation Means for Your 2025 Travel Plans—And Why You Should Still Visit! - Travel And Tour World,25,Environmental,https://news.google.com/rss/articles/CBMinAJBVV95cUxOZFlId25OYXhNLWZLel9iSURPS19KeUczOGJUSUZ2OVFBYndIWVlRS2ZTTzBPNVgtaFhObEtlekFNOGF6VjdPVUxpOTR1WmlxV3ZLTlBiZFhPNXN3R243a09mTjZ1YkZFOTlVeXpoTjkyWTBOU0M2SUc3V1daYlhNQ0lRU24tRGRjbGlNSmJ6dVI1M0M2dW16SDFWeU10N0RRc3h1VktzclNLWUVPdFE5dTAtQ0t2QW1WYWgtcEF4bFV6aGhvNzZtTUs1TTJvYUVrWkZySm9NdE1NUklnWDFpdlZBSThTLW1kYmFTSzRsVUo1YzZmM2pXUUFUbHMwTkxDaDY0bWpQUjNscXo0TE5Jd1pQLUQ1ME9fNUpiWg?oc=5,2025-12-01 01:00:56
Cyclone Ditwah batters Sri Lanka as death toll crosses 330 - The Economic Times,25,Environmental,https://news.google.com/rss/articles/CBMi2gFBVV95cUxOUVA2VTVUZTlRckRtclpmMDhXSWJzXzl3RXNOZEg4aFg2OXMwSkpaUDRSbXRVLWdhdVRlMHhEVEpKNEc0TlBtMl9hYUJDbXp3OERPaTJlbjIyMkJHODBucTVuS3FLSkY0bEJ3dmhxUEhUX25KeDRmSFZscWM2N1JOdklrY3EtWGthR1BoTG1sNHRIRWhJSmUyNEpQS1F4LVlRMkdLTlZRZWhRZ2x0Z1ZBOVpzM08xdl8zY0dJM25EMlBzN1ZnQ1puUEdlLWUzM3BFMHJvNXVqbVJWZ9IB3wFBVV95cUxPdGYwR0hjMFZ4OE5BenYtWkVMRUJqRy1MbmZiVWtDMF8zRVcyZ0xSM1JJYjlxal9nWUhvMUI2Y2psNHotdlNqbTNGaXdJVjlzcm9tX3BOdXYtbHVJUG5oQ2tFRHRpU05YcGllMEY0YUNUVUJqY2pCZWZpd2xES2hNb0puRnlEOUk3azhXcFVJdzRseVk3R1YyZmRJZl9HVkJtRm9ZMnMzMkJYUjhicndwSmhYR3BUbElfRkNONGJIQnpQanJKM2c2NTd0dFlSeUJ6Vi1qaWdQNHkzSm1iOW9j?oc=5,2025-12-01 01:00:56
Cyclone kills 212 in Sri Lanka - The Guardian Nigeria News,25,Environmental,https://news.google.com/rss/articles/CBMiZ0FVX3lxTE1OU3lkelE1Vnk2V2xmU2VsZnlldDVEMWFIdWw0aldoSmNRUWFhV3JrVGlzNERQeFgyTGExekZ2REwwWVRpTXhsWV9UUGxQRTVwdzEwZXdlNjFaYTdTR2tQWmJxSXFqOUU?oc=5,2025-12-01 01:00:56
‘Stand With Sri Lanka’ website open for Ditwah cyclone aid - Hiru News,25,Environmental,https://news.google.com/rss/articles/CBMilgFBVV95cUxPSERhZEpHUHVodmRLWVd6cHdFUlloTUtlaE0yRWVNTWRPN2U4V0piWWI1MVRURlZvdHZzd3Q5d0trTHhkSjIzQ05KTVl6RGk4VVdoLWR2a1R3RU1OQXVuek9LelBuNXZPWjFVN09CelZyNGVOQWJyRk9RNlBfY09jUXhDQ05odDJ3TFJ2OC0xOXVxWEQwOEE?oc=5,2025-12-01 01:00:56
Cyclone Ditwah: Toll climbs to 334 in Sri Lanka; EAM updates on India's relief response - The Times of India,25,Environmental,https://news.google.com/rss/articles/CBMi5wFBVV95cUxPUnJCWmFVMkhBM0lNbHgzYnBNUzYxUUpnS2VmUGJrVlB1c2YxdEt2U2drWVhncU1uNzlYZ1RDY2RweU94ZmYyaThaVXBmXzhIVmU1TUpzMkUwRHhncWJnaWNLZ0hxU1VjbmRhVFJEaWNlWUZsV0hXbFUyclBDZWNuT2VpOUJmN0Y1S3RwdlZUQ2VDbHhZWjRBZllVeVZqMFFoWlJUREYwbS1aS3RZSHpuMXV6QTJTdC15aXRhNFdnVklmV2RkMVBOVGhxVjgtMnJJTTBndHNxc0pnbi1xS2xwbGVMNWx3WlXSAewBQVVfeXFMUDRHU0dKb2ZFNWZNQjV0clJzS3JSWm0zbnk2cjNOMFVVeTZjTzlLQTJobEF3eXFyS0NFNUZiN1lIeUlsVVdJdkFFX2NJeW42cWw5OUhFOC0wb1JmbjNKRk4ydXN4a2NtRWpNLWpESHNXSEhoU19FSGVKZ0drV1NTS3JmTEl1U1o0ZVJBb1hoMk51Y1JQc0p0Qm5BZXdMMjB3NjJvR01XOTdQaXJobnZ4M2U1eDk1N3dPcVJxTGp6bUp0V2tpQWJ2TExPTWtfVXFJZnNEcFZQQUJBRGxEeU9yTEstMnZUMzEwOWdBQUY?oc=5,2025-12-01 01:00:56
Pakistani National Among Dozens Rescued By Indian Air Force In Cyclone-Hit Sri Lanka - OdishaBytes,25,Environmental,https://news.google.com/rss/articles/CBMirgFBVV95cUxPMDlsazRDX1ZKMG5lLUtNclhtOUdKRno1cm1ycHFPYjBLbnFZLTR5ZmZwQnFnajlOZTdCZE80NzRLN0ZoWUFiSGREWGtzVVRwQ0wtR29KODBINzhBeVlia19vQzZYVlRELWdlTjZtbFQyUFlCaWF1ZFltRWpEVm5jOGZ4ejFNbXpRVDFZMmt6R2lkUDR5MHpORVg4X0xFc3hfNnBJUUNmN2R3X3h4bXfSAbMBQVVfeXFMTXQ0OGFNLWR5QnZFMFdCS3dkSjhmWnZOY204V1B6QndQRF94eEc5aWhjYjFzZU1OdEh6Vl80ZllsakRaUHU5Vlo4dDRWcEdhalBxZlExakZNRmFSOEFBNzJMTjZwbXotbWtIYWlMd1NNbWtBenFJVDhpOXlUbndvaG9fWkNDT1NaeTYyLXNCY2hfSzJva0hwNUFQaXlvUTJSbUx1YUhVVk9Eb09xeHdRV0pSdnM?oc=5,2025-12-01 01:00:56
"Landslide Early Warnings issued to the Districts of Badulla, Colombo, Gampaha, Kalutara, Kandy, Kegalle, Kurunegala, Matale, Moneragala, Nuwara Eliya and Ratnapura",25,Environmental,http://island.lk/landslide-early-warnings-issued-to-the-districts-of-badulla-colombo-gampaha-kalutara-kandy-kegalle-kurunegala-matale-moneragala-nuwara-eliya-and-ratnapura/,2025-12-01 01:00:55
‘Neighbourhoods buried under mud’: Sri Lanka floods death toll reaches 334,25,Environmental,http://island.lk/neighbourhoods-buried-under-mud-sri-lanka-floods-death-toll-reaches-334/,2025-12-01 01:00:55
211 stranded in flood-affected near Mavil Aru Tank rescued,25,Environmental,http://www.adaderana.lk/news.php?nid=115399,2025-12-01 01:00:47
"State of Emergency will solely be used to manage the current crisis, President assures",25,Political,http://www.adaderana.lk/news.php?nid=115397,2025-12-01 01:00:47
No landslides occurred on the slope of Sri Pada - Bengamuwe Dhammadinna Thero,25,Environmental,http://www.adaderana.lk/news.php?nid=115392,2025-12-01 01:00:47
"334 Dead, 370 Missing in Sri Lanka Flood Catastrophe - Newsfirst.",25,Environmental,https://news.google.com/rss/articles/CBMikAFBVV95cUxOeGMzNmR3cmFXV0NQVGlqTENZVWZIV1BRemk4ZW9GS1pCUm9pcEdjY3hGNGhhV19BWGZhc2lWWS1kb2c1aEZfbmRCWEoyRXUtV3ZhZk1DMkExM05SOHlmLW5kaUc4b1lpdGdQeUs5Z1NBUHd3Y09PXzVId21KVHByUmRxeU1wV2xhcEFuQ1Buem0?oc=5,2025-12-01 00:49:05
"TN brings back 177 stranded people from cyclone-hit Sri Lanka, Stalin offers full support for relief - tennews.in",25,Environmental,https://news.google.com/rss/articles/CBMiuwFBVV95cUxNay1nTjJaWF8wYkQ1Qmxab2VpNnFJUEpWbDJVTjNkelpBY29OOXo3eVBOMmo5VHpyVm0yRi0wcWg5VndQdEw5dUw2dzJ4Z0t3VE52X29Pdk5EYUdMNFctVnlOZG8xUGtvMjVFSG5tZXpvVnJRdzFEMU4wekUtZDh2ZTdaX2tqUnlpdFR5NFpXS0E5XzNPdzdJZ2VOSllFS2hrcE1XUFFMMmF4YXFuUGVfSUhLQVNOMl85TWlz?oc=5,2025-12-01 00:49:05
Cyclone Ditwah: Toll climbs to 334 in Sri Lanka; EAM updates on India's relief response - Times of India,25,Environmental,https://news.google.com/rss/articles/CBMi5wFBVV95cUxPUnJCWmFVMkhBM0lNbHgzYnBNUzYxUUpnS2VmUGJrVlB1c2YxdEt2U2drWVhncU1uNzlYZ1RDY2RweU94ZmYyaThaVXBmXzhIVmU1TUpzMkUwRHhncWJnaWNLZ0hxU1VjbmRhVFJEaWNlWUZsV0hXbFUyclBDZWNuT2VpOUJmN0Y1S3RwdlZUQ2VDbHhZWjRBZllVeVZqMFFoWlJUREYwbS1aS3RZSHpuMXV6QTJTdC15aXRhNFdnVklmV2RkMVBOVGhxVjgtMnJJTTBndHNxc0pnbi1xS2xwbGVMNWx3WlXSAewBQVVfeXFMUDRHU0dKb2ZFNWZNQjV0clJzS3JSWm0zbnk2cjNOMFVVeTZjTzlLQTJobEF3eXFyS0NFNUZiN1lIeUlsVVdJdkFFX2NJeW42cWw5OUhFOC0wb1JmbjNKRk4ydXN4a2NtRWpNLWpESHNXSEhoU19FSGVKZ0drV1NTS3JmTEl1U1o0ZVJBb1hoMk51Y1JQc0p0Qm5BZXdMMjB3NjJvR01XOTdQaXJobnZ4M2U1eDk1N3dPcVJxTGp6bUp0V2tpQWJ2TExPTWtfVXFJZnNEcFZQQUJBRGxEeU9yTEstMnZUMzEwOWdBQUY?oc=5,2025-12-01 00:46:00
"Cyclone Ditwah Live Updates in Sri Lanka - Landslides, flood rescues, road closures, rail disruptions and government alerts - Daily Mirror - Sri Lanka",25,Environmental,https://news.google.com/rss/articles/CBMi-gFBVV95cUxQTzFMdDdrQkw1WV9nOFNpMVJRZzQtQXJ2bTBzdzR5NUI5a0Z0eF91bGZCZ0M3MHlTVjdOdHpYTUNOOE5xbEU3TEU2Mnh5OHZsbkpFT2RpbkxiTjB0Y1Ztc0M0S01xc1JVSllPbXdsTnlDU29TcFBOY2d0eDlreFdzc1Y2VUZxSEdJcENhTVBzdzhLV044cVhsU0VyMVlmbS1pSkpkd0RoRm1fcFBibV9LLWFPSncwT2ltRk1mdzUxem1VWjF5ckRBekw3akpDbUlZTHoyNkRXMjdSQnRCeGEwYnVsUkZTM3RoTEctZ3RoMFFEdXRHNWxxVlNB?oc=5,2025-12-01 00:46:00
India Launches Operation Sagar Bandhu In Cyclone-Hit Sri Lanka - StratNews Global,25,Environmental,https://news.google.com/rss/articles/CBMipAFBVV95cUxPb3ZBbUYxNGFjMGRjSHpqWW5Ud0c5VWpVSGJ0NnV0Mm5DWVo2cG1uM1lsVDJfelhScmI2aVEwS2tyZ2JBXzZtWEdtdWtQdDRIYUxnZjJZUjJiREN3UkJlZVN3S0owNTFxeVJDYThYamJVb0pKVm9wYVZIdUJraHh6MWRuWWtLU1llRThEenppVzNHUTVCVUhyRnVLc0tFMk9HeTBwcw?oc=5,2025-12-01 00:15:56
India Rescues Nationals from Cyclone Chaos in Sri Lanka - Devdiscourse,25,Environmental,https://news.google.com/rss/articles/CBMirwFBVV95cUxNWFdOZ19WZGh2WEphZFZaNGtMMHpKQXVaa3ZKdEtQdkNfY0pzQnVIbnhiSXo5RHA0cFdmUTFncGlXQ3Jpa0E3Rm9lcklYS3dyUmdySDRYMTdydEsyWUF6LTJGbXJTQ0otUDJZSlFPaVRsZVpJeG0zUjVVazhFS0FQMDNxMG5DeGFIRnU5MjYzZ2xwQnB0TWs2cW9XQXB0MWtuRERTanBoZjY1THVObTI40gG0AUFVX3lxTE5jcHRHS3BfZWhEbi1FMUttaGhLbHQ2MWxrQ0d3YUk1UFltRVM5NnBRNnRicFgteEJWN3A0UVhxdGlvVDZvR2xDODRXaUZteXFRZndwSVY0YXZ3d1IxR3BTYmh2MGlpYXJKUGtaWmJrQ1RNalMxNVNMNE03dEw5UWIzVjR5anUtakdiUTFLWlF6SEZpc0NFSDB5bnNReTBwVTg0SnZYYzlONnBaWmtzZVhuVGtLVQ?oc=5,2025-12-01 00:00:59
Death toll hits 212 as Sri Lanka struggles with Cyclone Ditwah impact - The Economic Times,25,Environmental,https://news.google.com/rss/articles/CBMi6AFBVV95cUxPbWVqVHZWUXhLTzUxTmJCVFBaUWJUY2FXWWhya3k3LWMxRjFkUVh5WHlPRnRXV3FNdzlFY1JZMVdiWGlKZnBmQ2xCT1N6T29IbDBBMWdDYndWajZhTFFoeGwzWTE0NDBPeXpLRWVycVZXNENmQU5yTUdhQ0pKQUJSUmxndC1UVmw1RXd0Ny1PaEZMT2huWlZKV0h0TmhuVWZrWGU4NmhISHp6SnFyS0xQWkdxRU9RQUc0TjNFeHBKRGhZYkdSRzR6S0NSMjFiZ1RSdzhrR0hnY3ZqT01NMHFIa0hVMzJlTHE00gHuAUFVX3lxTE1oMzFiZlNiTVcyVDQ0Y0JRX1dud0hfRGhuUVdtNnBwdC02SEFwcDltckFGa0gxWXhSTW5icTN5ejlIZTJ2Q3d0S2RwX1dlc0hIQUwyc0ZZVkFLUi01b2dCZHpEd1liSDFPeVdLdU1TX3hlODlTcEpRNnYzcTFVR05oVUtCakQzQ0phc3d0dWhMVlRUYW1pVkwtSWFhSTlwZU9EZE11TjBGY2RYUnM1b09ZTkNPeDJVcFIyaC1qckZQUUl1WnU2RFJwMWczTWhFWmhZVTZCTGhYY0FUWC1kRDVpMEM5SFhpbGhaSDNoWnc?oc=5,2025-12-01 00:00:58
Cyclone Ditwah: 400 Indian passengers stranded due to disaster evacuated from Sri Lanka - The Economic Times,25,Environmental,https://news.google.com/rss/articles/CBMi6wFBVV95cUxNcXp0WDV1dDN5YU1iWEFKVkpyZEZqa3FtbURxZ0RsUUxQVTlIYm1WRmt6ajlhTnMyeHZJaW9ZS19kbDY1ZDRLSlNSMWdRVmVpTlVwbWhGRlpYWnpjSTlPWWVmaG1qbzZaZllmY1M3Rkk0ZGxJcE5MbUxkS0dsN21hOUdPX2VtSzZtOUNfWXJLRGpncVlNejJtWG5mWTJJeE10dFktd1ZQczVFSnQ2alc0Zm9Tdlo5c0ItQVg4ZFVFR3BqYlRBWW1BdnNQcFRTV2cxUUdBeGlReDRweEtma3RXUU94Q0FVWkJxU1d30gHrAUFVX3lxTE1xenRYNXV0M3lhTWJYQUpWSnJkRmprcW1tRHFnRGxRTFBVOUhibVZGa3pqOWFOczJ4dklpb1lLX2RsNjVkNEtKU1IxZ1FWZWlOVXBtaEZGWlhaemNJOU9ZZWZobWpvNlpmWWZjUzdGSTRkbElwTkxtTGRLR2w3bWE5R09fZW1LNm05Q19ZcktEamdxWU16Mm1YbmZZMkl4TXR0WS13VlBzNUVKdDZqVzRmb1N2WjlzQi1BWDhkVUVHcGpiVEFZbUF2c1BwVFNXZzFRR0F4aVF4NHB4S2ZrdFdRT3hDQVVaQnFTV3c?oc=5,2025-11-30 23:46:20
"Sri Lanka cyclone floods begin to ease, irrigation infrastructure intact",25,Environmental,https://economynext.com/sri-lanka-cyclone-floods-begin-to-ease-irrigation-infrastructure-intact-250827/,2025-11-30 23:30:49
"India, Pakistan send rescue teams to Sri Lanka after Cyclone Ditwah disaster",25,Environmental,https://economynext.com/india-pakistan-send-rescue-teams-to-sri-lanka-after-cyclone-ditwah-disaster-250835/,2025-11-30 23:30:49
Sri Lanka Flood Death Toll Rises To 212 & 218 Missing - Newsfirst.,25,Environmental,https://news.google.com/rss/articles/CBMikAFBVV95cUxQOUlpQTNRQmlaVGdUUVRJdUJrSWZJUWM3S3kteU40dFdBeUk4ek5fTElmaEVlRVVQamZYLTdsR0RvRkNtVkhiVkdCaDE4a0g1c1hUTU8wcENaVmthbWV2aUxlelhVU2xqYXdzbUlkdUl4X0k3cGE2TzlOVXJLbVNsbDRFZjh1N2s4WW53Z3d4U2I?oc=5,2025-11-30 23:19:23
Netanyahu writes to Israeli president requesting pardon in corruption cases,10,Political,http://island.lk/netanyahu-writes-to-israeli-president-requesting-pardon-in-corruption-cases/,2025-11-30 23:07:10
Japan sends disaster assessment team to Sri Lanka after cyclone - EconomyNext,25,Environmental,https://news.google.com/rss/articles/CBMimwFBVV95cUxQNWdsb3lmVDdYSnpId3F1MDN1eFNJLWhMdDduTk96cy1KdGtXRUp4aE8zdC1TUGlBYTJ2TnpsTktkRjgxQWxTR0UwRTVETzdaQzMtamMwQ1EzSTcxM2F5Z1ZWOWFZR0ZIeHJLQUtlVHZvMHc5YXM0VU51b3otMXd0QXUzLVlLNU1feG5iS2NoazI5Vnc1RDVKQ01obw?oc=5,2025-11-30 22:15:56
"India, Pakistan send rescue teams to Sri Lanka after Cyclone Ditwah disaster - EconomyNext",25,Environmental,https://news.google.com/rss/articles/CBMiqwFBVV95cUxQYUVEbGpKZ0RUbjdOekdTMk9lcFF1b2JrU0I1SEFGcGVUbHVrUXRDQ2YwUjRHS2pqVUZEMVlUMlhiN3JudUFJcE1YY1NUQTVhdnVXWnlDMlZCeDJZeGVlem5rckR3U2tyNVNNOU96NEQyNDFUOEgyQ1NQUXpkMW92LVJYelkyOWdKX1F4eGFOU0Vsazg2S04yRk5HVndOdGVJcUx4eU5oMmZZVU0?oc=5,2025-11-30 22:00:54
"Sri Lanka cyclone deaths rise to 212, roads, rail damaged, crops under water - EconomyNext",25,Environmental,https://news.google.com/rss/articles/CBMiqAFBVV95cUxOVWNfRms0T0xza3ZyaHp1R0xHYl9seVM2ZGxXTm1lM2EzN1Bpb0JrOWIyQlBfc0JSc2hWdEdqUC1rWE4tY1lWOXg2al9CeGtma053Y19Vdzl3YlNEY1BYVWlQbUZJeEhaZENtVGRzVFU2cjNOYnhzNzU1QUFKODVTZlRpdEN0YnU2NEdVTW5YTjZsdmhDV3Z5QzE0VmNsSGRCSWhKd2FxTXE?oc=5,2025-11-30 21:17:55
President’s Fund approves Rs. 1 Million in compensation to the families of each person who died due to floods and landslides,25,Environmental,http://island.lk/presidents-fund-approves-rs-1-million-in-compensation-to-the-families-of-each-person-who-died-due-to-floods-and-landslides/,2025-11-30 20:45:58
Level 3 (Red) landslide evacuation warning issued to several areas in seven districts,25,Environmental,http://www.adaderana.lk/news.php?nid=115387,2025-11-30 20:30:48
Landslides reported in Riverston,25,Environmental,http://www.adaderana.lk/news.php?nid=115385,2025-11-30 20:30:48
Sri Lanka’s CEB asks for voluntary solar panel as the sun shines after cyclone - EconomyNext,25,Environmental,https://news.google.com/rss/articles/CBMirgFBVV95cUxPWDBxcEFXY1FCdWNPMG0td2JzVzAzSFNabXJJOTl1X2dLVDBzTEwxR0Nxc1JncUlCMXFuRlF6YktoZVhRN1JkRmhZZ25xS2xEekVJSEF2MzBBV0l3YkRhLWtPWHhTTjFhcEM3V1FfT3E2WF9EcDJ0aWY2V0tCeWt4Sng2RHJNcHFmNWY0Q3JlU19RRFB6Rnl4ZXI4Nkwwc25iaFdOWmdyWS1jRTVBN2c?oc=5,2025-11-30 19:51:09
"Cyclone Ditwah hits 206 major roads in Sri Lanka, 10 bridges damaged - EconomyNext",25,Environmental,https://news.google.com/rss/articles/CBMioAFBVV95cUxOdWRNWnFZb05ZNFRENm1IdDdQcUEwQV9DUHRYbF9JdWNBbWlITGRLV01LZEZSbEkxM3NESk1KVk5fTnJYRDYzMmFPVFN5alI3QlRIcUY0TllGNDZUU2NJVzE3bXNLZVNZTG5nZWpvSjRnNW1jWkd5Q1Q2Nm5pUEtJSWR4NERGWkpPci0wOVlBMVlya3ZBZ21Ka0EtSzRaTE5Q?oc=5,2025-11-30 19:05:25
"Sri Lanka cyclone deaths rise to 193, roads, rail damaged, crops under water - EconomyNext",25,Environmental,https://news.google.com/rss/articles/CBMiqAFBVV95cUxNdHZqekdIb1lkRUFwUXJiT3plelprX3BhcnV0cEszUWYwSGI4SV9ROUFBRkh3Yk5ENC05OFhwOTFNNG1hWmdUa1d4TkhuNVJ6Z3pvYlN3cnE3a0hDX1NjaERhWHRPNkM1aFljUDdPUnVyeTc5YjFyeW9WaDZSMU5xZzgzNW1MWEhlU1drR2ZTdmpORFhjT05faklNNTJocEduR2hvLUplbWU?oc=5,2025-11-30 18:46:07
"Sri Lanka cyclone deaths rise to 212, roads, rail damaged, crops under water",25,Environmental,https://economynext.com/sri-lanka-cyclone-deaths-rise-to-212-roads-rail-damaged-crops-under-water-250808/,2025-11-30 18:45:47
Death toll from floods and landslides surpasses 200,25,Environmental,http://www.adaderana.lk/news.php?nid=115379,2025-11-30 18:45:45
"Sri Lanka Flood Crisis: Nearly 1 Million Affected, 193 Dead, 228 Missing - Newsfirst.",25,Environmental,https://news.google.com/rss/articles/CBMirAFBVV95cUxNU01jVktZT21KTEpfNkVsbi1ndExMVjRrQmJXWUFic2poR1NYTUVqQTRTcHJnS2FvM0I4VENDVDFseEVDbUtiS1lJUHQ5WUc5bm5YWEE1R280VzZsZE5qOXVZZHBvYk5wWW1XQWZGdllDeU5OVVhFSUp6ejl0a1h3VVRCUWFQbFhRNFl2RXY3RlZWcl90S0VFaEFVR0hCVlJFMVFUc1pXSjhvcHlz?oc=5,2025-11-30 18:14:21
"Cyclone Ditwah Disrupting Tourism Sector of Sri Lanka, Causing its Cancellations and Travel Changes, But New Recovery Efforts Are Underway - Travel And Tour World",25,Environmental,https://news.google.com/rss/articles/CBMikwJBVV95cUxNT0s4djdVaVFRLU1rb1RmUlhhSmVuajY2MVVTNWZ4aE9wektHbnlnVTJkQndwUS1zRjNRZ09uUTZLWEVqWllZS3VYMmN4MGU5YkpKUVc3eGRkYU1obzNxUmtkSC02QUtNWDFOWWlyOXlUQnFqY3N2S1NzM2cyRlNSbGpVX1h4c29lVGxtUzdRa0NwMXNOQ3dfckNaZldkX2RwcXJVSnV0Q2V3NUcxSGNBUFEzbjNiSWF2UWFJaWlrVFFsalp6aHZqeGxMUGx1TGZLMzZOV1VxY0ZuVlRtc21WVHlUSDNWaXc4YjY5dXpwdU5zbC1EajVhYk5DVkI4OWhWOW1lVXQzTWJfUjFrc0VSczJhdw?oc=5,2025-11-30 18:14:20
Sri Lanka’s CEB asks for voluntary solar panel as the sun shines after cyclone,25,Environmental,https://economynext.com/sri-lankas-ceb-asks-for-voluntary-solar-panel-as-the-sun-shines-after-cyclone-250801/,2025-11-30 18:14:00
PickMe Activates Islandwide Digital Relief Network as Sri Lanka Battles Worst Floods in Years - Adaderana Biz English,30,Environmental,https://news.google.com/rss/articles/CBMiwwFBVV95cUxORk9rX2EzTWJhVXhyT2t2cXRqcldQNVJ1Z1FtQnR0cVdLbVQ4NGJmV3VZLW5aSDRMcWsyQ2tfdHUyTjBndGFJcnNXUUtqVmI0TmZXdmJNSTFVRTNEbUFhMGszZnVFN29GVHRaNnhuc2dzSkRHSENfdlFMVGM3X3RXMU51NEpiNHZqWHdjcHNjRjYzcWMtQUpRbF84Vm9FbnJRZDFKaDhpdGlYUEtrWFRPRGRWZUZ1bDlRX2pjUG0wWGxEVnc?oc=5,2025-11-30 18:01:14
Landslide damages section of Talawakelle–Tawalantenne road,25,Environmental,http://www.adaderana.lk/news.php?nid=115378,2025-11-30 18:00:44
"23 dead, 10 houses destroyed in Sarasavigama, Peradeniya landslide",25,Environmental,http://www.adaderana.lk/news.php?nid=115374,2025-11-30 18:00:44
"Sri Lanka cyclone deaths rise to 193, roads, rail damaged, crops under water",25,Environmental,https://economynext.com/sri-lanka-cyclone-deaths-rise-to-193-roads-rail-damaged-crops-under-water-250808/,2025-11-30 17:30:55
"Cyclone Ditwah hits 206 major roads in Sri Lanka, 10 bridges damaged",25,Environmental,https://economynext.com/cyclone-ditwah-hits-206-major-roads-in-sri-lanka-10-bridges-damaged-250790/,2025-11-30 17:30:55
"Death toll rises to 303, scores still missing following floods in Indonesia",25,Environmental,http://www.adaderana.lk/news.php?nid=115371,2025-11-30 17:23:52
Air Force rescues 121 individuals who were trapped near Mavil Aru Anicut,25,Energy,http://www.adaderana.lk/news.php?nid=115369,2025-11-30 17:23:52
India Steps Up Rescue Efforts In Sri Lanka Under Op Sagar Bandhu Amid Cyclone Ditwah Crisis - News18,25,Environmental,https://news.google.com/rss/articles/CBMizgFBVV95cUxPYkRFYmRDMXBSOWd4MmhxeHdQcTVRZHFIckVMQzRhNnlrNF9WRDdBcDFja2paNjhKWXM1S3N4YmpOZmg3bXp0Z2k4Z2Y1eE5zTmRFbTlWZXNNX2YyZkdPcE5DbEJKV2V1ZU5XLTZEalNzSW9TMUZiVThiNVY2WXdjQmZVRG00eThxSHdLLW91dWNEWFROMktpaFJfcXhycFg5TlExc2kxZWdTZjZSbGNmcElpNWRCYTBBY0oxVU9lMktGOGFlTXVMaXUxU3Ewd9IB0wFBVV95cUxQZUgtRmFPQ1dTRk1oNzAtVkEyS1B0TFk0bWhTYmt6bEdkeHdORlZteExYci15bU5EVm85VXFBZkRUdFBoV1RoSEdxVEdZYWUxNjU5ZmhWcXUwQnZYYUdLNDZCRjNPc0FSZTZ5cmRBVEhVcDdwQ1FodENKaTRmcGwtTHE5YXRHMzg5RFVtNjQ1bGxoUjg5QnNzSEJRbDhxbzlRdDFOV2xtRFlwT0JWQW5NS21lcFpOckphRUZ1SkJfRkNyamNkZjE1MElfT21iTFZBMkhN?oc=5,2025-11-30 14:53:43
"Flood alert for Battaramulla, Malabe, Athurugiriya low lying areas in Sri Lanka cyclone",25,Environmental,https://economynext.com/flood-alert-for-battaramulla-malabe-athurugiriya-low-lying-areas-in-sri-lanka-cyclone-250733/,2025-11-30 14:53:33
Pakistan to send mobile field hospital to provide medical care for flood victims in Sri Lanka,25,Environmental,http://www.adaderana.lk/news.php?nid=115367,2025-11-30 14:53:31
Red Alert issued for gusty winds despite Cyclone “Ditwah” moving away from Sri Lanka,25,Environmental,http://www.adaderana.lk/news.php?nid=115366,2025-11-30 14:53:31
Veterinary Association on standby to provide assistance for animals affected by floods,25,Environmental,http://www.adaderana.lk/news.php?nid=115364,2025-11-30 14:53:31
"Sri Lanka cyclone deaths rise to 193, roads, rail damaged, crops destroyed - EconomyNext",25,Environmental,https://news.google.com/rss/articles/CBMipgFBVV95cUxNZ0xnSU9WWVZ6X09ISGhXWWVleEJyX0wxcUlUUy1ZNGJDSDJXVGZaMXlHanhrSHg2UkVQeGVDUGRtVjFvcU5EVUI3MWRZbmVhQk1XWTFPMUJpQ0VwNjJRbk0xT1lHMmNuWmxKb2hpTnpPNFRjVUNaWmxvRDN1a1ZzbHF4RTZ0MEtyYUZZeXBvT2FKak16LV8xQW80TU1rUC1iRVVtTVdR?oc=5,2025-11-30 14:48:27
Nine reported missing after landslide in Welimada,25,Environmental,http://www.adaderana.lk/news.php?nid=115360,2025-11-30 14:30:40
"Sri Lanka flood death toll rises to 159, many more missing - myRepublica",25,Environmental,https://news.google.com/rss/articles/CBMisgFBVV95cUxQMjFiTnE4ZUdSTE0ydHpha0pWVU1ES0JyTHFsQmxTOWtIV243SW5GbklSSTVEVDlVRjJOOVJrUUwzUzB5a2Z1N0VtdUhObDNWZ1UwZnltNzV5ODFnNFNhbTRXRHUxSjN3anlRSV9QcjV6VGp6bnlLZkZ5MUlheDU0Wk5sVVMtLXRXS19lczZ5VXJxaHk2X1EtV251X0s0SlNEWE1uMl96RmlVMXE3TURiNVl3?oc=5,2025-11-30 14:01:04
Sri Lanka's capital hit by floods as cyclone death toll rises to 159 - The Economic Times,25,Environmental,https://news.google.com/rss/articles/CBMi6wFBVV95cUxQRzh0STVCTUNuYy05Q1U0Z2VkMFE3a2M2T1pmLUhEZzBOTW10MjRURGs5WkZLZFRxVDduQnRtcWprYm1vU29QQ3JFdExxOF9YTnBlQjd0eFBNTTFjeGU5T3lFd1o2cmZWQm4xa2dJZUdYTWlUSG1HcUFtMUlBVHNSckx0SnpjeHNOZ1VwRm1VTzMwUTltd1BHZW5wUkVFb2NuVko5d3FCVE9DTkVEczc1S3BUeXZ0WkVSU3FSRmNCalhyY2NfSkJiR2k2bjl2RFoyam9kR2x6U1o1cTZfWl9HVHBicnpWeTdPVUo40gHrAUFVX3lxTFBHOHRJNUJNQ25jLTlDVTRnZWQwUTdrYzZPWmYtSERnME5NbXQyNFREazlaRktkVHFUN25CdG1xamtibW9Tb1BDckV0THE4X1hOcGVCN3R4UE1NMWN4ZTlPeUV3WjZyZlZCbjFrZ0llR1hNaVRIbUdxQW0xSUFUc1JyTHRKemN4c05nVXBGbVVPMzBROW13UEdlbnBSRUVvY25WSjl3cUJUT0NORURzNzVLcFR5dnRaRVJTcVJGY0JqWHJjY19KQmJHaTZuOXZEWjJqb2RHbHpTWjVxNl9aX0dUcGJyelZ5N09VSjg?oc=5,2025-11-30 14:01:04
Kelani River water level rising towards major flood situation,25,Environmental,http://www.adaderana.lk/news.php?nid=115358,2025-11-30 13:17:30
Police urge public to avoid visiting flood-affected areas,25,Environmental,http://www.adaderana.lk/news.php?nid=115357,2025-11-30 13:17:30
Japan sends disaster assessment team to Sri Lanka after cyclone,25,Environmental,https://economynext.com/japan-sends-disaster-assessment-team-to-sri-lanka-after-cyclone-250730/,2025-11-30 13:00:40
"Flood alert for Battaramulla, Malabe, Athurugiriya low lying areas in Sri Lanka cyclone - EconomyNext",25,Environmental,https://news.google.com/rss/articles/CBMiuAFBVV95cUxPYzhsV2NaTGNIQjN5eTF3LXBtT04xLVlwZm9KQ1dJS0FHbURiOS1aYWc0MXUycnhIZHNsalctZWZRbDRndlVyLXUwWnJ1UUF2NzFGbDU2MEFiSUFWQXc0aVJxeFZ6VGprYnhDYzItY2tQd2JhN2hJa3ZOdHJOYmJmN1hwYzc3YTUyc054a3E1TkxlaXRyUDZiSXFkbUs0UzBtSjk0eWE4ZDRWNDl3cDVQQUVCTXhoLVFH?oc=5,2025-11-30 12:30:51
Flooding across Asia leaves 600 dead and hundreds missing,25,Environmental,http://island.lk/flooding-across-asia-leaves-600-dead-and-hundreds-missing/,2025-11-30 12:30:49
India stands firm with Sri Lanka amid cyclone Ditwah crisis: Voices of solidarity echo on social media - AP7AM,25,Environmental,https://news.google.com/rss/articles/CBMi0wFBVV95cUxObEpmRTY4Rk1ac1dBWWdtM1hDRmRjVUxLMHVoeGczVUZhMFVBMHM3aWdLeDUxSW9YdFhWUU94b0t6dGIwWVRFc191RkxjYzBfVU1oZUNUd3N3b0R5Z0hJUWRGalpFVjRvQWtWNkF0dmZLeUhBeDJydTlzay1BU3FPTTlQT0lPQnhKMHpIYTdiRUVMb0V5NWY3TXhFU3Q2Q0p0dUZmVHBKWE00WU82VWhxMFZ3MUR4WTNiU3VwSEd4bjY1aV9MOUNTYWxHVUp4X3h3UWFr0gHTAUFVX3lxTE5sSmZFNjhGTVpzV0FZZ20zWENGZGNVTEswdWh4ZzNVRmEwVUEwczdpZ0t4NTFJb1h0WFZRT3hvS3p0YjBZVEVzX3VGTGNjMF9VTWhlQ1R3c3dvRHlnSElRZEZqWkVWNG9Ba1Y2QXR2Zkt5SEF4MnJ1OXNrLUFTcU9NOVBPSU9CeEowekhhN2JFRUxvRXk1ZjdNeEVTdDZDSnR1RmZUcEpYTTRZTzZVaHEwVncxRHhZM2JTdXBIR3huNjVpX0w5Q1NhbEdVSnhfeHdRYWs?oc=5,2025-11-30 12:15:49
"Landslide in Melsiripura kills five including infant, 9 missing",25,Environmental,http://www.adaderana.lk/news.php?nid=115356,2025-11-30 12:05:05
Kotugoda grid substation temporarily shut down due to flooding,25,Environmental,http://www.adaderana.lk/news.php?nid=115354,2025-11-30 12:05:05
Türkiye expresses condolences to victims of Cyclone Ditwah  in Sri Lanka,25,Environmental,http://www.adaderana.lk/news.php?nid=115352,2025-11-30 12:05:05
Passengers advised to use expressway as floods disrupt BIA access; Visitors restricted,25,Environmental,http://www.adaderana.lk/news.php?nid=115351,2025-11-30 12:05:05
Residents urged to evacuate low-lying areas amid flood risk from Ambatale Bund overflow,25,Environmental,http://www.adaderana.lk/news.php?nid=115350,2025-11-30 12:05:05
"Weather disasters: Sri Lanka flooded by policy blunders, weak enforcement and environmental crime – Climate Expert",30,Environmental,http://island.lk/weather-disasters-sri-lanka-flooded-by-policy-blunders-weak-enforcement-and-environmental-crime-climate-expert/,2025-11-30 11:30:58
"Lanka deploys troops as floodwaters rise, death toll hits 69",25,Environmental,http://island.lk/lanka-deploys-troops-as-floodwaters-rise-death-toll-hits-69/,2025-11-30 09:45:49
India Stands Firm With Sri Lanka Amid Cyclone Ditwah Crisis: Voices Of Solidarity Echo On Social Media - Ommcom News,25,Environmental,https://news.google.com/rss/articles/CBMi0gFBVV95cUxQT1BBRlZkbGVZTktEVUhMd3doZ0hreHFUanh1aFdYdndXb09NSnh6b2E4OVdJcG00S1Nuc3VhYTBJU1A0bC1VYWpZUmdQb0pmUXJ4bmMtOXBEd2hpbEkyN3BqTE1kcnZTY2pKT3dOaEV3YUMxdHdxeXhhSTUweDV3Q0s4QU82UENyUjRObjUxaVByRXR1WTlORm9uVjhTZXozR0liQndFRXBvQnB3bFRtMWJ0bGZXQlRLX1N6SGJRMS03QURZbTN4RThPckZNTWZVMlE?oc=5,2025-11-30 08:30:50
NBRO warns of ‘unprecedented’ landslide threat as mountain regions saturated by record rainfall,25,Environmental,http://island.lk/nbro-warns-of-unprecedented-landslide-threat-as-mountain-regions-saturated-by-record-rainfall/,2025-11-30 06:45:49
Continuing as an Advisor to the Government on Productivity Promotion,5,Environmental,http://island.lk/continuing-as-an-advisor-to-the-government-on-productivity-promotion/,2025-11-30 05:31:07
Making myself heard in Parliament and NGO role in peace process,10,Political,http://island.lk/making-myself-heard-in-parliament-and-ngo-role-in-peace-process/,2025-11-30 05:31:07
"Indonesia flood death toll climbs to 303 amid cyclone devastation, disaster agency says",25,Environmental,http://www.adaderana.lk/news.php?nid=115343,2025-11-30 03:00:37
India as first responder following Sri Lankan cyclone - The Economic Times,25,Environmental,https://news.google.com/rss/articles/CBMiugFBVV95cUxQU0plMDNVRW9IZEF1SVlHR0d3OV9JWWpmalZkQURPMC0yY0FHS0lLZlF5WTQwb1lRbGkzTWNrTjRjTS16NWsxdm1lZlF0S3hCNk1zaVE4dGxic014ZkNGVldWanUwX3A2NDNNNEEzcjVia0FsSzNhejlUX0dicjJJT3JaRXYtSVlrUDZmcHlnNjZRanc5LVZJcHozQlV2Wk8tU3FJMUo2Wk1VbmpkYnM2OFpzZ2Z6YThLMGfSAb8BQVVfeXFMUFF3aFBXaVFzcTRoTnhxZ2tVYXVDZTRSa2w1Rmt3RWZxUy1fd2RwLWpVQWZWX1B2Qkk2blNfc3hIM2pnS19rSTBkTnl1YXJmXzMxMzJfT0JlVmY0V25WbUFnYjZvNEZDRzlZUXBSQlN1Uk5qMnI1OGNOd1QtTy1DbDVDdlpXaHAtUWdoOExEUzdFNlVoZThJVXpZR1oySWlodWpWNkpLN25YTzJUYzRROUJXVTF1MGNKdnlac1JFMXM?oc=5,2025-11-30 02:50:41
Tourism in Crisis as Cyclone Ditwah Strikes Sri Lanka: India’s Emergency Teams Come to the Rescue of Stranded Visitors - Travel And Tour World,25,Environmental,https://news.google.com/rss/articles/CBMi-AFBVV95cUxPTkxFd2N0WmUxQU9sQlEzcFk3U2VfalNya1hndklLanRueHhqaWtiNi15bS1rODYwcG5Vd2M4eHR2UGthQ0RMTnpVM0VKenRZTGRLVXhmQm9VcW4xbE9NQ05qN1RBLWFROFJ4eEJBN3Z3YUlZUWtGNDNqekpPQy1LSFpyNlc4cmpYRUpDS3ZrSWRzc0Q0Rlo1ZWdfaTU4aUxPSE51ajVLSFlFSU5KbW5nYi12NzB1aVNIclJPcjZWaE1Jd29MeGtBSlNIQzdBQzdmWXItWHMwamVDS1JDZkZ1cTVwTjdrTWpXZ3NLaXBhdFVoTWU5TEhwYQ?oc=5,2025-11-30 02:18:37
India stands firm with Sri Lanka amid cyclone Ditwah crisis: Voices of solidarity echo on social media - Indian News Queensland,25,Environmental,https://news.google.com/rss/articles/CBMixgFBVV95cUxOMExFaDNTTWx0RjQyZUZrd3U3VzBhSjR3U1o0T3Z6ekZkMjhYWVZKRGRkX25iN19JTjNKRXdRbmFZT3JpcDhpT0pscWJyU2FoSGtiSjlzd2FFenhRWUlUYVRtNzlvSVZkSjUtOXRhX1JUOGtLTkM2Z3ZBYWpGYUZnb0ZXeVFnRUlXYW5oLW5zdEdKdW9sUWt2S0x2RFVtQmVzdUFoeU9sZElWZW1KSUNUNXdZanBaTm1rVUJmV3RnWWNBVnRiMlE?oc=5,2025-11-30 01:55:57
"Cyclone Ditwah to Bring 4 Days of Heavy Rain, Winds across Andhra",25,Environmental,http://island.lk/cyclone-ditwah-to-bring-4-days-of-heavy-rain-winds-across-andhra/,2025-11-30 01:55:54
"India Live News Updates: Election Commission doubles Booth Level Officers' pay to Rs 12,000, raises BLO S... - The Economic Times",10,Political,https://news.google.com/rss/articles/CBMihgJBVV95cUxOZGoxTjE5aThNVHkxSVlzbUdPSGd5X0x5RmR2eXRUZnFoQmlKUUNaVDJLcG54aXotQk1mTE5kNmhtdnUzVUV5czFBWkpRZXpJeV9RZ1FtZTA5cVJpZ1JDRU0taTM1eURzdmx6VDk0QzJXV3ViRW45c3ZqTDZFbGpuQW8xdDNuNDJwbWd3MHRNN2F2RDdyYjJ1cHBwcEt5M2o1eWt6SVJ4d0pEUk5VLWdHOU1LdkpWUzZQVmFnWkJnOVBuY1J5SU03Q0I1UzlUbHpqY2ZUQkpjRWZJSmo3eFlhM29QYWRRaTdyZW1oMHJ0c292MUg3NHAtcWVtUU8yd0ltb2RjQk1R0gGLAkFVX3lxTE5Sc01ySU16NmF4MTBWd2dhY05NRXMtRkwxQkFMMUlCdXBEeUJUNlF0SEE1X3Rua2xsaGxzTVJGVUpSeHREQl9KWXFxTXNWRFNSVVF4ZllnWnM0bU1mdFBtS25TVEN3VkNIR1A4eUtrZXpDbERnSGdJeE5uTkRVandKWV9JbkNoM05nT0ZJejh2Tl9jV2V3d0M5MzV2emFmU05ZU1Z0OHdEejUyaFdEeFE0TVI4aER4OWRNcDN5RjExTTdDOFhUZXREY1l3MGRTNkIzVlVvMnVkSDFhUXU5U3hmUzlwZVY3dVVHXzZ1OURUbjB1d2E4di1fd2ZIamZNRm12RngzazZmZFZKNA?oc=5,2025-11-30 01:46:07
India stands firm with Sri Lanka amid cyclone Ditwah crisis: Voices of solidarity echo on social media - indianews.com.au,25,Environmental,https://news.google.com/rss/articles/CBMixgFBVV95cUxOMExFaDNTTWx0RjQyZUZrd3U3VzBhSjR3U1o0T3Z6ekZkMjhYWVZKRGRkX25iN19JTjNKRXdRbmFZT3JpcDhpT0pscWJyU2FoSGtiSjlzd2FFenhRWUlUYVRtNzlvSVZkSjUtOXRhX1JUOGtLTkM2Z3ZBYWpGYUZnb0ZXeVFnRUlXYW5oLW5zdEdKdW9sUWt2S0x2RFVtQmVzdUFoeU9sZElWZW1KSUNUNXdZanBaTm1rVUJmV3RnWWNBVnRiMlE?oc=5,2025-11-30 01:31:17
Death toll in Sri Lanka rises to 153 after Cyclone Ditwah - The Economic Times,25,Environmental,https://news.google.com/rss/articles/CBMi3gFBVV95cUxPYVg0UHdVOUFPcVlzOGYwOHFlMlF2WFNwMXAyMDVYRG94WTN1X1ZLeWhyWi0wSWFfcTRjbWVrempWSmtCdlZsZVRYU1dPTF9rOXh5NXNVcktTSm82Z2tHOFpTMmZORjliVElZWUt4NzNDNEhkbDBJTk5PN21ubUFQdGZIVXh1SEE1aVlRc1dWTDZjVzFuRXpZSW1OOU5JQTBFVm9rWHRuSXpqekNzRjRfaWdoeHJSbkdfNTQ4X1NJazNVT1c1S0dxYzBOZng1SVJGdjdLZ2dlamhkRGFGRVHSAd4BQVVfeXFMT2FYNFB3VTlBT3FZczhmMDhxZTJRdlhTcDFwMjA1WERveFkzdV9WS3loclotMElhX3E0Y21la3pqVkprQnZWbGVUWFNXT0xfazl4eTVzVXJLU0pvNmdrRzhaUzJmTkY5YlRJWVlLeDczQzRIZGwwSU5OTzdtbm1BUHRmSFV4dUhBNWlZUXNXVkw2Y1cxbkV6WUltTjlOSUEwRVZva1h0bkl6anpDc0Y0X2lnaHhyUm5HXzU0OF9TSWszVU9XNUtHcWMwTmZ4NUlSRnY3S2dnZWpoZERhRkVR?oc=5,2025-11-30 01:18:08
"Cyclone Ditwah- Heavy rains lash Tamil Nadu; flight, train services disrupted",25,Environmental,http://www.adaderana.lk/news.php?nid=115339,2025-11-30 01:17:48
United in Crisis: Global Aid Rush to Cyclone-Hit Sri Lanka - Devdiscourse,25,Environmental,https://news.google.com/rss/articles/CBMisgFBVV95cUxOWHFIMEtUbExvY21GdU9SM3BINjBjckJhT0M1eFBCWnUyRllhZVFPajFmNnBwQ2Z6WnRXU3BsYjNRWXVWYUIzSDdiZkVvWTZNY0dpdlppdG9NdlROSng0VnJYcTU5bW01VlUwTHZ6aF9ZQ1hiRFB3MnEtSHo0Nk5FLXlsaEJsSVFrSTMxTGJnZ0VDc0x4RFFMTXJKc19LZzhnLU1ZX2ZZZG8yTFgyY2x6MWR30gG3AUFVX3lxTE5WZnFkbkxCNHR5ZDk5VVdzUk16dVFzT0tnVmFQeUUyQmdKSDdkcVcyTVdSVHcxNEtHV0Zqa19mUFVPWm9RNHpsTW9pSHlNSFJuQnFXRWdOYWxNRHFvcFZEQTJNVG45R2JiNzZhSVJ4VzFkTVJLaVdvaGVQU1dSb0ZuNHl1R3E3THVkeG5SZEVSTjR6Nkp0UUJlMzZ2N05pTFFWeDluMzcwWHRKN3lsaWtoWS1abjdKYw?oc=5,2025-11-30 00:30:52
"Level I landslide RED warnings issued to the districts of Badulla, Colombo, Gampaha, Kalutara, Kandy, Kegalle, Kurnegala, Natale, Monaragala, Nuwara Eliya and Ratnapura",25,Environmental,http://island.lk/level-i-landslide-red-warnings-issued-to-the-districts-of-badulla-colombo-gampaha-kalutara-kandy-kegalle-kurnegala-natale-monaragala-nuwara-eliya-and-ratnapura/,2025-11-30 00:30:49
A minute's silence was observed for the victims of the ongoing crisis precipitated by Cyclone Ditwah in Sri Lanka - ESPNcricinfo,25,Environmental,https://news.google.com/rss/articles/CBMi7AFBVV95cUxOQWxUem50aDA5M3gxcl8wNnBpTGNXd2ZSajMybmExVkhoV1FSa01QZ09kWGlGY2dId09fN3Y3UVdLT3R4SnVuQmFJQi1HNFpzemdZaVM4WDFLWUJ4cmYwY0hrYnpQNENMa0pvSzM4ckw2N2hHTW1PclVOcDdnQXpIYVhaNUd1ZWJjbllwSkpiVjRKNTVjQm83Qm5peFJMbHVsSFpvTWN6ZmdUZDdvbzdObS1RY0hMMjN0MVBmU3phN24xWXE0SkJDRFFpUHE5SXl5a3kycmZPazJ1UjRQblVYR2ptSXVFbDhJUVdOcw?oc=5,2025-11-30 00:15:58
